[{"location":"New Beverly Cinema","address":"7165 Beverly Blvd. Los Angeles, "},{"location":"Gallery 1988 West","address":"7308 Melrose Ave. Los Angeles, "},{"location":"The Reef","address":"1933 S. Broadway Ave. Los Angeles, Downtown / LA Metro 90007"},{"location":"The Broad","address":"221 S. Grand Ave. Los Angeles, California 90012 213-232-6200"},{"location":"Museum of Contemporary Art (The Geffen Contemporary at MOCA)","address":"152 N. Central Ave. Los Angeles, "},{"location":"Son of Semele","address":"3301 Beverly Blvd. Los Angeles, "},{"location":"Geffen Playhouse","address":"10886 Le Conte Ave. Los Angeles, "},{"location":"JOAN","address":"4300 W. Jefferson Blvd. Los Angeles, "},{"location":"California African American Museum","address":"600 State Drive, Exposition Park Los Angeles, "},{"location":"Hollywood Bowl","address":"2301 N. Highland Ave. Los Angeles, "},{"location":"Zebulon","address":"2478 Fletcher Dr. Los Angeles, "},{"location":"Sacred Fools Theater","address":"1078 Lillian Way Hollywood, "},{"location":"Character Projects","address":"6042 Monte Vista St. Los Angeles, "},{"location":"Mas Malo","address":"515 W. Seventh St. Los Angeles, "},{"location":"St. Cornelius Catholic Church","address":"5500 E. Wardlow Rd. Long Beach, "},{"location":"Amplyfi","address":"5617 Melrose Ave. Los Angeles, "},{"location":"Night Gallery","address":"2276 E. 16th St. Los Angeles, "},{"location":"The Park Restaurant","address":"1400 Sunset Blvd. Los Angeles, "},{"location":"The Frog Spot","address":"2825 Benedict St. Los Angeles, "},{"location":"Warner Center Park","address":"5800 Topanga Canyon Blvd. Woodland Hills, "},{"location":"Children's Book World","address":"10580 1/2 W. Pico Blvd. Los Angeles, "},{"location":"3Labs","address":"8461 Warner Dr. Culver City, "},{"location":"Pershing Square","address":"532 S. Olive St. Los Angeles, "},{"location":"The Colburn School of Music, Thayer Hall","address":"200 S. Grand Ave. Los Angeles, "},{"location":"UCLA Tamkin Auditorium","address":"757 Westwood Plaza Los Angeles, "},{"location":"Jesse Owens Park","address":"9651 S. Western Ave. Los Angeles, "},{"location":"Sacred Fools Theater Studio","address":"1078 Lillian Way Los Angeles, "},{"location":"Beverly Hills Public Library","address":"444 N. Rexford Dr. Beverly Hills, California 90210 310-288-2244"},{"location":"Olsons Scandinavian Deli","address":"5660 W. Pico Blvd. Los Angeles, "},{"location":"BILLINGS Auction House","address":"1919 Bay St. Los Angeles, California 90021 213-947-3784"},{"location":"Avenue 50 Studio","address":"131 N. Ave. 50 Highland Park, "},{"location":"West Hollywood Public Library","address":"625 N. San Vicente Blvd. West Hollywood, California 90069 310-652-5340"},{"location":"Lure Film Studios","address":"671 N. Berendo St. Los Angeles, California 90004 805-895-5143"},{"location":"Palace Theatre","address":"630 S. Broadway Los Angeles, "},{"location":"Oak Creek Golf Club","address":"1 Golf Club Dr. Irvine, "},{"location":"Beckman Institute Auditorium","address":"400 S. Wilson Ave. Pasadena, "},{"location":"BlueCollar Working Dog","address":"1320 Glendale Blvd Los Angeles, "},{"location":"Desert View Tower","address":"48652-48682 In-Koh-Pa Park Rd. Jacumba, "},{"location":"Ramon C. Cortines School of Visual & Performing Arts","address":"450 N. Grand Ave. Los Angeles, "},{"location":"Downtown Santa Monica, Metro Expo Station","address":"402 Colorado Ave. Santa Monica, "},{"location":"The Museum of Tolerance","address":"9786 W. Pico Blvd. Los Angeles, "},{"location":"Diesel, A Bookstore in Brentwood","address":"225 26th St. Santa Monica, "},{"location":"Los Angeles LGBT Center's Renberg Theatre","address":"1125 N. McCadden Los Angeles, "},{"location":"LA Plaza de Cultura y Artes","address":"501 N. Main St. Los Angeles, "},{"location":"Los Feliz Village","address":"Hillhurst at Franklin Los Angeles, "},{"location":"Downtown Los Angeles","address":"Downtown Los Angeles, "},{"location":"The Hudson Theatres","address":"6539 Santa Monica Blvd. Los Angeles, "},{"location":"Self Help Graphics & Art","address":"1300 E. 1st St. Los Angeles, "},{"location":"Private Gallery","address":"929 E. 2nd St. Los Angeles, California 90012 424-279-9424"},{"location":"Barnes and Noble","address":"23630 Valencia Blvd Santa Clarita, "},{"location":"Battleship Iowa","address":"250 S. Harbor Blvd. Los Angeles, "},{"location":"Action Fund for the Blind: Creators of Twin Vision Books","address":"18440 Oxnard St. Tarzana, ","formattedAddress":"18440 Oxnard St, Tarzana, CA 91356, USA","lat":34.1798048,"lng":-118.5349751,"zipcode":"91356","city":"Los Angeles","neighborhood":"Tarzana"},{"location":"South Robertson Community Street Festival","address":"2801 S. Robertson Blvd. Los Angeles, ","formattedAddress":"2801 Robertson Blvd, Los Angeles, CA 90034, USA","lat":34.0366894,"lng":-118.3891037,"zipcode":"90034","city":"Los Angeles","neighborhood":"Beverlywood"},{"location":"Laemmle Ahrya Fine Arts","address":"8556 Wilshire Blvd. Beverly Hills, ","formattedAddress":"8556 Wilshire Blvd, Beverly Hills, CA 90211, USA","lat":34.0653227,"lng":-118.3779504,"zipcode":"90211","city":"Beverly Hills"},{"location":"Sacred Fools Theater — Black Box","address":"6322 Santa Monica Blvd. Los Angeles, ","formattedAddress":"6322 Santa Monica Blvd, Los Angeles, CA 90038, USA","lat":34.0905417,"lng":-118.327535,"zipcode":"90038","city":"Los Angeles","neighborhood":"Hollywood"},{"location":"Culver City Senior Center","address":"4095 Overland Ave. Culver City, California 90232 818-353-5734","formattedAddress":"4095 Overland Ave, Culver City, CA 90232, USA","lat":34.0138985,"lng":-118.4031826,"zipcode":"90232","city":"Culver City","neighborhood":"Washington Culver"},{"location":"Monrovia Library Park","address":"321 S. Myrtle Ave. Monrovia, ","formattedAddress":"321 S Myrtle Ave, Monrovia, CA 91016, USA","lat":34.1486232,"lng":-118.0022547,"zipcode":"91016","city":"Monrovia"},{"location":"Harvard & Stone","address":"5221 Hollywood Blvd. Los Angeles, ","formattedAddress":"5221 Hollywood Blvd, Los Angeles, CA 90027, USA","lat":34.1019041,"lng":-118.3042997,"zipcode":"90027","city":"Los Angeles","neighborhood":"Los Feliz"},{"location":"Asylum  Studio C","address":"6448 Santa Monica Blvd. Los Angeles, ","formattedAddress":"6448 Santa Monica Blvd, Los Angeles, CA 90038, USA","lat":34.0905205,"lng":-118.3304997,"zipcode":"90038","city":"Los Angeles","neighborhood":"Hollywood"},{"location":"Microsoft Store Westfield Topanga","address":"6600 Topanga Canyon Blvd Canoga Park, ","formattedAddress":"6600 Topanga Canyon Blvd, Canoga Park, CA 91303, USA","lat":34.1854111,"lng":-118.6045941,"zipcode":"91303","city":"Los Angeles","neighborhood":"Canoga Park"},{"location":"The McLoughlin Gallery","address":"49 Geary St. San Francisco, ","formattedAddress":"49 Geary St, San Francisco, CA 94108, USA","lat":37.787698,"lng":-122.4042883,"zipcode":"94108","city":"San Francisco","neighborhood":"Financial District"},{"location":"Olvera Street","address":"845 N. Alameda St. Los Angeles, ","formattedAddress":"845 North Alameda Street, Los Angeles, CA 90012, USA","lat":34.0574412,"lng":-118.2376558,"zipcode":"90012","city":"Los Angeles","neighborhood":"Central LA"},{"location":"Gallery 417","address":"417 S. Hill St Los Angeles, California 90013 213-620-0095","formattedAddress":"417 Hill St, Los Angeles, CA 90013, USA","lat":34.0500845,"lng":-118.2511794,"zipcode":"90013","city":"Los Angeles","neighborhood":"Downtown"},{"location":"Flappers Comedy Club Burbank","address":"102 E. Magnolia Blvd. Burbank, ","formattedAddress":"102 E Magnolia Blvd, Burbank, CA 91502, USA","lat":34.181928,"lng":-118.3125083,"zipcode":"91502","city":"Burbank"},{"location":"Civita Park","address":"7960 Civita Blvd. San Diego, Ca 92108 800-888-8888","formattedAddress":"7960 Civita Blvd, San Diego, CA 92108, USA","lat":32.7774486,"lng":-117.1506029,"zipcode":"92108","city":"San Diego","neighborhood":"Serra Mesa"},{"location":"Macgowan Little Theater, UCLA","address":"245 Charles E. Young Drive East Los Angeles, ","formattedAddress":"Macgowan Hall, 245 Charles E Young Dr E, Los Angeles, CA 90095, USA","lat":34.0758815,"lng":-118.4396813,"zipcode":"90095","city":"Los Angeles","neighborhood":"Westwood"},{"location":"The Point","address":"850 S. Sepulveda Blvd. El Segundo, ","formattedAddress":"850 S Sepulveda Blvd, El Segundo, CA 90245, USA","lat":33.9031445,"lng":-118.3954149,"zipcode":"90245","city":"El Segundo"},{"location":"Caliber Collision","address":"3020 Riverside Dr. Los Angeles, ","formattedAddress":"3020 Riverside Dr, Los Angeles, CA 90039, USA","lat":34.111901,"lng":-118.2673221,"zipcode":"90039","city":"Los Angeles","neighborhood":"Silver Lake"},{"location":"The Roar Room","address":"3645 Foothill Blvd. La Crescenta, ","formattedAddress":"3645 Foothill Blvd, La Crescenta, CA 91214, USA","lat":34.2362374,"lng":-118.258962,"zipcode":"91214","city":"Glendale","neighborhood":"La Crescenta"},{"location":"Grand Park","address":"200 N. Grand Ave. Los Angeles, ","formattedAddress":"200 N Grand Ave, Los Angeles, CA 90012, USA","lat":34.0562797,"lng":-118.2467434,"zipcode":"90012","city":"Los Angeles","neighborhood":"Central LA"},{"location":"Shomrei Torah Synagogue","address":"7353 Valley Circle Blvd. West Hills, ","formattedAddress":"7353 Valley Cir Blvd, West Hills, CA 91304, USA","lat":34.2061873,"lng":-118.6544053,"zipcode":"91304","city":"Los Angeles","neighborhood":"West Hills"},{"location":"Artists and Fleas","address":"647 Mateo St. Los Angeles, ","formattedAddress":"647 Mateo St, Los Angeles, CA 90021, USA","lat":34.0364202,"lng":-118.2328638,"zipcode":"90021","city":"Los Angeles","neighborhood":"Downtown"},{"location":"Salt's Cure","address":"1155 N. Highland Ave. Los Angeles, ","formattedAddress":"1155 Highland Ave, Los Angeles, CA 90038, USA","lat":34.0923795,"lng":-118.3389548,"zipcode":"90038","city":"Los Angeles","neighborhood":"Hollywood"},{"location":"San Luis Obispo Museum of Art","address":"1010 Broad St. San Luis Obispo, ","formattedAddress":"1010 Broad St, San Luis Obispo, CA 93401, USA","lat":35.2795805,"lng":-120.6649827,"zipcode":"93401","city":"San Luis Obispo","neighborhood":"Downtown"},{"location":"Gender Free Arts","address":"1732 Aviation Blvd. Redondo Beach, ","formattedAddress":"1732 Aviation Blvd, Redondo Beach, CA 90278, USA","lat":33.8716714,"lng":-118.3812209,"zipcode":"90278","city":"Redondo Beach","neighborhood":"North Redondo"},{"location":"The New Townhouse","address":"6835 La Tijera Blvd. Los Angeles, ","formattedAddress":"6835 La Tijera Blvd, Los Angeles, CA 90045, USA","lat":33.9768124,"lng":-118.3732336,"zipcode":"90045","city":"Los Angeles"},{"location":"The Cat & Fiddle Restaurant & Pub","address":"742 N. Highland Ave. Los Angeles, ","formattedAddress":"742 Highland Ave, Los Angeles, CA 90038, USA","lat":34.08473,"lng":-118.3382807,"zipcode":"90038","city":"Los Angeles","neighborhood":"Hollywood"},{"location":"The Mar Vista Art Dept","address":"12513 Venice Blvd Venice, ","formattedAddress":"12513 Venice Blvd, Los Angeles, CA 90066, USA","lat":34.0032782,"lng":-118.4350314,"zipcode":"90066","city":"Los Angeles","neighborhood":"Mar Vista"},{"location":"The Beverly Hilton","address":"9876 Wilshire Blvd Beverly Hills, CA 2016 323-592-3132","formattedAddress":"9876 Wilshire Blvd, Beverly Hills, CA 90210, USA","lat":34.0660988,"lng":-118.4127053,"zipcode":"90210","city":"Beverly Hills","neighborhood":"Century City"},{"location":"University of Philosophical Research","address":"3910 Los Feliz Blvd. Los Angeles, ","formattedAddress":"3910 Los Feliz Blvd, Los Angeles, CA 90027, USA","lat":34.1131146,"lng":-118.2775278,"zipcode":"90027","city":"Los Angeles","neighborhood":"Central LA"},{"location":"Ibid.","address":"670 S Anderson St. Los Angeles, ","formattedAddress":"670 S Anderson St, Los Angeles, CA 90023, USA","lat":34.036029,"lng":-118.222954,"zipcode":"90023","city":"Los Angeles","neighborhood":"Central LA"},{"location":"Busby's East","address":"5364 Wilshire Blvd. Los Angeles, ","formattedAddress":"5364 Wilshire Blvd, Los Angeles, CA 90036, USA","lat":34.0619906,"lng":-118.3458395,"zipcode":"90036","city":"Los Angeles","neighborhood":"Mid-Wilshire"},{"location":"Taiwan Academy in Los Angeles","address":"1137 Westwood Blvd Los Angeles, California 90024 213-403-0168","formattedAddress":"1137 Westwood Blvd, Los Angeles, CA 90024, USA","lat":34.0600624,"lng":-118.444956,"zipcode":"90024","city":"Los Angeles","neighborhood":"Westwood"},{"location":"TAG Gallery","address":"5458 Wilshire Blvd. Los Angeles, ","formattedAddress":"5458 Wilshire Blvd, Los Angeles, CA 90036, USA","lat":34.061976,"lng":-118.347685,"zipcode":"90036","city":"Los Angeles","neighborhood":"Mid-Wilshire"},{"location":"Pomona College Art Department Chan Gallery","address":"370 Columbia Ave. Claremont, California 91711 909-621-8079","formattedAddress":"370 Columbia Ave, Claremont, CA 91711, USA","lat":34.0966139,"lng":-117.711123,"zipcode":"91711","city":"Claremont"},{"location":"The Lincoln","address":"2536 Lincoln Blvd Venice, ","formattedAddress":"2536 Lincoln Blvd, Venice, CA 90291, USA","lat":33.9915689,"lng":-118.4483632,"zipcode":"90291","city":"Los Angeles","neighborhood":"Venice"},{"location":"Hollywood Heritage Museum","address":"2100 N. Highland Ave. Los Angeles, ","formattedAddress":"2100 Highland Ave, Los Angeles, CA 90068, USA","lat":34.1085324,"lng":-118.3361204,"zipcode":"90068","city":"Los Angeles","neighborhood":"Hollywood Hills"},{"location":"Regal Cinemas L.A. Live Stadium 14","address":"1000 W. Olympic Blvd. Los Angeles, ","formattedAddress":"1000 W Olympic Blvd, Los Angeles, CA 90015, USA","lat":34.045746,"lng":-118.2680369,"zipcode":"90015","city":"Los Angeles","neighborhood":"Downtown"},{"location":"Long Beach Convention and Entertainment Center","address":"300 E Ocean Blvd Long Beach, California 90802 805-477-8725","formattedAddress":"300 E Ocean Blvd, Long Beach, CA 90802, USA","lat":33.76520350000001,"lng":-118.1893341,"zipcode":"90802","city":"Long Beach","neighborhood":"Waterfront"},{"location":"Whitefire Theatre","address":"13500 Ventura Blvd. Sherman Oaks, ","formattedAddress":"13500 Ventura Blvd, Sherman Oaks, CA 91423, USA","lat":34.1471717,"lng":-118.4273501,"zipcode":"91423","city":"Los Angeles","neighborhood":"Sherman Oaks"},{"location":"LA County Arboretum and Botanic Garden","address":"301 N. Baldwin Ave Arcadia, ","formattedAddress":"301 N Baldwin Ave, Arcadia, CA 91007, USA","lat":34.1448279,"lng":-118.0508813,"zipcode":"91007","city":"Arcadia"},{"location":"Arts District Brewing Company","address":"828 Traction Ave Los Angeles, California 90013 213-817-5321","formattedAddress":"828 Traction Ave, Los Angeles, CA 90013, USA","lat":34.0445635,"lng":-118.2355338,"zipcode":"90013","city":"Los Angeles","neighborhood":"Central LA"},{"location":"Laemmle Monica Film Center","address":"1332 2nd St. Santa Moncia, ","formattedAddress":"1332 2nd St, Santa Monica, CA 90401, USA","lat":34.0152416,"lng":-118.4979955,"zipcode":"90401","city":"Santa Monica"},{"location":"Millwick Los Angeles","address":"800 E. 4th Place Los Angeles, ","formattedAddress":"800 E 4th Pl, Los Angeles, CA 90013, USA","lat":34.0441305,"lng":-118.2368571,"zipcode":"90013","city":"Los Angeles","neighborhood":"Downtown"},{"location":"ETA Highland Park","address":"5630 N. Figueroa St. Highland Park, ","formattedAddress":"5630 N Figueroa St, Los Angeles, CA 90042, USA","lat":34.1092354,"lng":-118.1929553,"zipcode":"90042","city":"Los Angeles","neighborhood":"Northeast Los Angeles"},{"location":"Le Magyzn","address":"904 Pacific Ave Venice, ","formattedAddress":"904 Pacific Ave, Venice, CA 90291, USA","lat":33.9915385,"lng":-118.4751099,"zipcode":"90291","city":"Los Angeles","neighborhood":"Venice"},{"location":"Bar 20","address":"8462 W. Sunset Blvd. West Hollywood, ","formattedAddress":"8462 Sunset Blvd, West Hollywood, CA 90069, USA","lat":34.0943618,"lng":-118.3749108,"zipcode":"90069","city":"West Hollywood","neighborhood":"Sunset Strip"},{"location":"Pretend City","address":"29 Hubble Irvine, ","formattedAddress":"29 Hubble, Irvine, CA 92618, USA","lat":33.64200960000001,"lng":-117.7396999,"zipcode":"92618","city":"Irvine","neighborhood":"Irvine Research Center"},{"location":"The Lexington","address":"129 E. Third St. Los Angeles, ","formattedAddress":"129 E 3rd St, Los Angeles, CA 90013, USA","lat":34.0489489,"lng":-118.2450565,"zipcode":"90013","city":"Los Angeles","neighborhood":"Central LA"},{"location":"Lonny Chapman Group Repertory Theatre","address":"10900 Burbank Blvd. North Hollywood, ","formattedAddress":"10900 Burbank Blvd, North Hollywood, CA 91601, USA","lat":34.1718698,"lng":-118.3683542,"zipcode":"91601","city":"Los Angeles","neighborhood":"North Hollywood"},{"location":"Los Angeles Zoo & Botanical Gardens","address":"5333 Zoo Dr. Los Angeles, ","formattedAddress":"5333 Zoo Dr, Los Angeles, CA 90027, USA","lat":34.1490401,"lng":-118.2840485,"zipcode":"90027","city":"Los Angeles"},{"location":"Mount Olive Lutheran Church","address":"1343 Ocean Park Blvd. Santa Monica, ","formattedAddress":"1343 Ocean Park Blvd, Santa Monica, CA 90405, USA","lat":34.0105458,"lng":-118.4708061,"zipcode":"90405","city":"Santa Monica","neighborhood":"Sunset Park"},{"location":"Skandia Lodge & Hall","address":"2031 E. Villa St. Pasadena, ","formattedAddress":"2031 E Villa St, Pasadena, CA 91107, USA","lat":34.1547448,"lng":-118.1085884,"zipcode":"91107","city":"Pasadena","neighborhood":"Mid Central"},{"location":"Industry Hills Expo Center","address":"16200 Temple Ave. La Puente, ","formattedAddress":"16200 E Temple Ave, La Puente, CA 91744, USA","lat":34.02802820000001,"lng":-117.9391738,"zipcode":"91744","city":"La Puente"},{"location":"Union Station","address":"800 N. Alameda St. Los Angeles, ","formattedAddress":"800 North Alameda Street, Los Angeles, CA 90012, USA","lat":34.0561182,"lng":-118.2375182,"zipcode":"90012","city":"Los Angeles","neighborhood":"Central LA"},{"location":"Hella Fresh Theater","address":"3826 Mentone Ave. Culver City, ","formattedAddress":"3826 Mentone Ave, Culver City, CA 90232, USA","lat":34.0194234,"lng":-118.4041295,"zipcode":"90232","city":"Culver City","neighborhood":"Washington Culver"},{"location":"West Hollywood Park","address":"647 San Vicente Blvd. West Hollywood, ","formattedAddress":"647 N San Vicente Blvd, West Hollywood, CA 90069, USA","lat":34.082437,"lng":-118.3842211,"zipcode":"90069","city":"West Hollywood","neighborhood":"Central LA"},{"location":"The Road on Lankershim","address":"5108 Lankershim Blvd North Hollywood, ","formattedAddress":"5108 Lankershim Blvd, North Hollywood, CA 91601, USA","lat":34.1632645,"lng":-118.3732982,"zipcode":"91601","city":"Los Angeles","neighborhood":"North Hollywood"},{"location":"Mitsuwa Marketplace","address":"21515 S. Western Ave. Torrance, ","formattedAddress":"21515 S Western Ave, Torrance, CA 90501, USA","lat":33.8334388,"lng":-118.3099721,"zipcode":"90501","city":"Torrance","neighborhood":"Old Town Torrance"},{"location":"The YAS Theatre","address":"5918 Van Nuys Blvd Sherman Oaks, California 91401 818-785-7979","formattedAddress":"5918 Van Nuys Blvd, Van Nuys, CA 91401, USA","lat":34.1781186,"lng":-118.4483603,"zipcode":"91401","city":"Los Angeles","neighborhood":"Van Nuys"},{"location":"Casa 0101","address":"2102 E. First St. Los Angeles, ","formattedAddress":"2102 E 1st St, Los Angeles, CA 90033, USA","lat":34.0446827,"lng":-118.2136746,"zipcode":"90033","city":"Los Angeles","neighborhood":"Central LA"},{"location":"L.A. County Arboretum & Botanic Garden","address":"301 N. Baldwin Ave. Arcadia, ","formattedAddress":"301 N Baldwin Ave, Arcadia, CA 91007, USA","lat":34.1448279,"lng":-118.0508813,"zipcode":"91007","city":"Arcadia"},{"location":"St. Bede's Episcopal Church","address":"3590 Grand View Blvd. Los Angeles, ","formattedAddress":"3590 Grand View Blvd, Los Angeles, CA 90066, USA","lat":34.009435,"lng":-118.4340113,"zipcode":"90066","city":"Los Angeles","neighborhood":"Mar Vista"},{"location":"Crowell Public Library, City of San Marino","address":"1890 Huntington Dr. San Marino, ","formattedAddress":"1890 Huntington Dr, Pasadena, CA 91108, USA","lat":34.1190091,"lng":-118.1126926,"zipcode":"91108","city":"Pasadena"},{"location":"The Colburn School of Music, Zipper Concert Hall","address":"200 S. Grand Ave. Los Angeles, ","formattedAddress":"200 S Grand Ave, Los Angeles, CA 90012, USA","lat":34.0540039,"lng":-118.2498686,"zipcode":"90012","city":"Los Angeles","neighborhood":"Downtown"},{"location":"Bouchon Bistro","address":"235 N. Canon Dr. Beverly Hills, ","formattedAddress":"235 N Canon Dr, Beverly Hills, CA 90210, USA","lat":34.068347,"lng":-118.3992155,"zipcode":"90210","city":"Beverly Hills"},{"location":"The Dark Art Emporium","address":"252 Elm Ave. Long Beach, ","formattedAddress":"252 Long Beach Blvd, Long Beach, CA 90802, USA","lat":33.7700628,"lng":-118.1892999,"zipcode":"90802","city":"Long Beach","neighborhood":"East Village"},{"location":"Ark Gallery & Studios","address":"2599 Fair Oaks Ave. Altadena, ","formattedAddress":"2599 Fair Oaks Ave, Altadena, CA 91001, USA","lat":34.1902903,"lng":-118.1497237,"zipcode":"91001","city":"Altadena"},{"location":"Edendale Library","address":"2011 W. Sunset Blvd. Los Angeles, ","formattedAddress":"2011 Sunset Blvd, Los Angeles, CA 90026, USA","lat":34.07817,"lng":-118.262319,"zipcode":"90026","city":"Los Angeles","neighborhood":"Echo Park"},{"location":"Regal Inn","address":"6753 E. Carson St. Lakewood, ","formattedAddress":"6753 E Carson St, Lakewood, CA 90713, USA","lat":33.832746,"lng":-118.099656,"zipcode":"90713","city":"Lakewood"},{"location":"Warner Grand Theatre","address":"478 W. Sixth St. San Pedro, ","formattedAddress":"478 W 6th St, San Pedro, CA 90731, USA","lat":33.739035,"lng":-118.2872852,"zipcode":"90731","city":"Los Angeles","neighborhood":"San Pedro"},{"location":"E.B.'s Beer & Wine Bar, Farmers Market","address":"6333 W. Third St. Los Angeles, ","formattedAddress":"6333 W 3rd St, Los Angeles, CA 90036, USA","lat":34.0719955,"lng":-118.360253,"zipcode":"90036","city":"Los Angeles","neighborhood":"La Brea"},{"location":"National Online Art Competition","address":"National Online Online, All All 111-111-1111"},{"location":"Disneyland Resort","address":"1313 S. Harbor Blvd. Anaheim, ","formattedAddress":"1313 S Harbor Blvd, Anaheim, CA 92802, USA","lat":33.8105102,"lng":-117.9169948,"zipcode":"92802","city":"Anaheim","neighborhood":"Anaheim Resort"},{"location":"Emily Anne Evans","address":"18312 Oxnard St. Tarzana, ","formattedAddress":"18312 Oxnard St, Tarzana, CA 91356, USA","lat":34.17962120000001,"lng":-118.5314765,"zipcode":"91356","city":"Los Angeles","neighborhood":"Tarzana"},{"location":"Media Park","address":"9070 Venice Blvd. Culver City, ","formattedAddress":"9070 Venice Blvd, Culver City, CA 90232, USA","lat":34.0264535,"lng":-118.3929385,"zipcode":"90232","city":"Culver City","neighborhood":"Palms"},{"location":"Luther Middle School","address":"3700 W Jeffries Ave Burbank, California 91505 818-558-4646","formattedAddress":"3700 Jeffries Ave, Burbank, CA 91505, USA","lat":34.1809279,"lng":-118.3513812,"zipcode":"91505","city":"Burbank"},{"location":"Church of the Angels","address":"1100 Avenue 64 Pasadena, ","formattedAddress":"1100 Avenue 64, Pasadena, CA 91105, USA","lat":34.1255288,"lng":-118.1761117,"zipcode":"91105","city":"Pasadena","neighborhood":"Northeast Los Angeles"},{"location":"Balboa Strawberry Festival","address":"17019 Ventura Blvd Encino, ","formattedAddress":"17019 Ventura Blvd, Encino, CA 91316, USA","lat":34.1602693,"lng":-118.5040185,"zipcode":"91316","city":"Los Angeles","neighborhood":"Encino"},{"location":"Ice House","address":"24 N. Mentor Ave. Pasadena, ","formattedAddress":"24 N Mentor Ave, Pasadena, CA 91106, USA","lat":34.1465176,"lng":-118.1306991,"zipcode":"91106","city":"Pasadena"},{"location":"Rolling Hills United Methodist Church","address":"26438 Crenshaw Blvd. Palos Verdes Peninsula, ","formattedAddress":"26438 Crenshaw Blvd, Rolling Hills, CA 90274, USA","lat":33.783095,"lng":-118.350654,"zipcode":"90274","city":"Rolling Hills"},{"location":"Private Residence","address":"Private Residence Los Angeles, ","formattedAddress":"3121 S La Cienega Blvd, Los Angeles, CA 90016, USA","lat":34.0299761,"lng":-118.3721683,"zipcode":"90016","city":"Los Angeles"},{"location":"Old World Huntington Beach","address":"7561 Center Ave Huntington Beach, California 92647 714-895-8020","formattedAddress":"7561 Center Ave, Huntington Beach, CA 92647, USA","lat":33.7345525,"lng":-117.9971374,"zipcode":"92647","city":"Huntington Beach"},{"location":"seven-degrees","address":"891 Laguna Canyon Rd. Laguna Beach, ","formattedAddress":"891 Laguna Canyon Rd, Laguna Beach, CA 92651, USA","lat":33.5502031,"lng":-117.7789825,"zipcode":"92651","city":"Laguna Beach"},{"location":"El Segundo Library","address":"111 W. Mariposa Ave. El Segundo, ","formattedAddress":"111 W Mariposa Ave, El Segundo, CA 90245, USA","lat":33.9239692,"lng":-118.4167775,"zipcode":"90245","city":"El Segundo"},{"location":"St. Ambrose Church","address":"1281 N. Fairfax Ave. West Hollywood, California 90046 323-656-4433","formattedAddress":"1281 N Fairfax Ave, West Hollywood, CA 90046, USA","lat":34.0943012,"lng":-118.361864,"zipcode":"90046","city":"West Hollywood","neighborhood":"Central LA"},{"location":"The Actors Company","address":"916-A N. Formosa Ave. Los Angeles, ","formattedAddress":"916 N Formosa Ave, Los Angeles, CA 90046, USA","lat":34.0877004,"lng":-118.3458947,"zipcode":"90046","city":"Los Angeles","neighborhood":"Fairfax"},{"location":"Greater Palm Springs","address":"Coachella Valley Coachella Valley, California 92211 760-770-9000","formattedAddress":"Coachella Valley, Palm Desert, CA 92211, USA","lat":33.7666873,"lng":-116.3591772,"zipcode":"92211","city":"Palm Desert"},{"location":"The Road on Magnolia","address":"10747 Magnolia Blvd. Los Angeles, ","formattedAddress":"10747 W Magnolia Blvd, Los Angeles, CA 91601, USA","lat":34.1656165,"lng":-118.3650551,"zipcode":"91601","city":"Los Angeles","neighborhood":"NoHo Arts District"},{"location":"California Junior Lifeguard Programs","address":"15569 Graham St Huntington Beach, ","formattedAddress":"15569 Graham St, Huntington Beach, CA 92649, USA","lat":33.736161,"lng":-118.0331282,"zipcode":"92649","city":"Huntington Beach"},{"location":"Hahn Hall, UC Santa Barbara","address":"1070 Fairway Rd. Santa Barbara, ","formattedAddress":"1070 Fairway Rd, Montecito, CA 93108, USA","lat":34.420342,"lng":-119.649511,"zipcode":"93108","city":"Montecito"},{"location":"The Help Group Autism Center","address":"13164 Burbank Blvd. Sherman Oaks, California 91401 818-781-0360","formattedAddress":"13164 Burbank Blvd, Sherman Oaks, CA 91401, USA","lat":34.171325,"lng":-118.42022,"zipcode":"91401","city":"Los Angeles","neighborhood":"Sherman Oaks"},{"location":"Homibing","address":"3300 W. Sixth St. Los Angeles, ","formattedAddress":"3300 W 6th St, Los Angeles, CA 90020, USA","lat":34.06341099999999,"lng":-118.2943457,"zipcode":"90020","city":"Los Angeles","neighborhood":"Koreatown"},{"location":"Fleming's Prime Steakhouse","address":"179 E. Colorado Blvd, Pasadena, ","formattedAddress":"179 E Colorado Blvd, Pasadena, CA 91101, USA","lat":34.1458062,"lng":-118.1466612,"zipcode":"91101","city":"Pasadena"},{"location":"Oeno Vino Wine Shop & Bar","address":"3111 Glendale Blvd. #2 Los Angeles (Atwater Village), ","formattedAddress":"3111 Glendale Blvd #2, Los Angeles, CA 90039, USA","lat":34.1162782,"lng":-118.2628216,"zipcode":"90039","city":"Los Angeles","neighborhood":"Northeast Los Angeles"},{"location":"Century City 15","address":"10250 Santa Monica Boulevard, Suite 200 Los Angeles, California 90067 310-277-2262","formattedAddress":"10250 Santa Monica Blvd #200, Los Angeles, CA 90067, USA","lat":34.0599924,"lng":-118.4200376,"zipcode":"90067","city":"Los Angeles","neighborhood":"Century City"},{"location":"Immanuel Presbyterian Church","address":"3300 Wilshire Blvd. Los Angeles, ","formattedAddress":"3300 Wilshire Blvd, Los Angeles, CA 90010, USA","lat":34.0614542,"lng":-118.294485,"zipcode":"90010","city":"Los Angeles","neighborhood":"Koreatown"},{"location":"Edemar center","address":"2437 main st Santa Monica, ","formattedAddress":"2437 Main St, Santa Monica, CA 90405, USA","lat":34.0035616,"lng":-118.4847408,"zipcode":"90405","city":"Santa Monica","neighborhood":"Ocean Park"},{"location":"De Re Gallery","address":"8920 Melrose Ave. West Hollywood, ","formattedAddress":"8920 Melrose Ave, West Hollywood, CA 90069, USA","lat":34.0806171,"lng":-118.3874756,"zipcode":"90069","city":"West Hollywood","neighborhood":"Central LA"},{"location":"Online Contest","address":"1215 Cushman Ave. San Diego, California 92110 619-234-0345","formattedAddress":"1215 Cushman Ave, San Diego, CA 92110, USA","lat":32.7683292,"lng":-117.1986237,"zipcode":"92110","city":"San Diego","neighborhood":"Morena"},{"location":"The Federal","address":"5303 N. Lankershim Blvd. North Hollywood, "},{"location":"The Braid Theater","address":"2912 Colorado Ave. #102 Santa Monica, "},{"location":"356 Mission","address":"356 S. Mission Rd. Los Angeles, "},{"location":"TCL Chinese 6 Theatres","address":"Hollywood & Highland, 6801 Hollywood Blvd Hollywood, "},{"location":"All Star Lanes","address":"4459 Eagle Rock Blvd. Los Angeles, "},{"location":"Vibiana","address":"214 S. Main St. Los Angeles, "},{"location":"Second Stage at Sacred Fools Theater","address":"6320 Santa Monica Blvd. Hollywood, "},{"location":"The Old Spaghetti Factory","address":"1431 Buena Vista St Duarte, California 91010 818-862-0002"},{"location":"College of the Canyons","address":"26455 Rockwell Canyon Rd Santa Clarita, California 91355 661-259-7800"},{"location":"ArcLight Hollywood","address":"6360 W. Sunset Blvd. Los Angeles, "},{"location":"Hilton Los Angeles/ Universal City","address":"555 Universal Hollywood Dr. Universal City, Ca 91608 818-506-2500"},{"location":"Harold's Place","address":"1908 S. Pacific Ave. San Pedro, "},{"location":"Casa Escobar","address":"22969 Pacific Coast Highway Malibu, "},{"location":"The Row DTLA","address":"777 S. Alameda St. Los Angeles, "},{"location":"Los Encinos State Historic Park","address":"16756 Moorpark St. Encino, "},{"location":"Ann & Jerry Moss Theater, New Roads School","address":"3131 Olympic Blvd. Santa Monica, "},{"location":"Old Town Music Hall","address":"140 Richmond St. El Segundo, "},{"location":"4th Street Vine","address":"2142 E. Fourth St. Long Beach, "},{"location":"Boulevard Music","address":"4316 Sepulveda Blvd. Culver City, "},{"location":"Will Geer Theatricum Botanicum","address":"1419 N. Topanga Canyon Blvd. Topanga, "},{"location":"Sacred Fools Studio","address":"1078 Lillian Way Los Angeles, "},{"location":"Hornblower Cruises & Events","address":"13755 Fiji Way Marina del Rey, "},{"location":"The Dog Bakery","address":"12112 Venice Blvd Los Angeles, "},{"location":"Ruby Theater at the Complex","address":"6476 Santa Monica Blvd. Los Angeles, "},{"location":"Blitzstein Museum of Art","address":"428 N. Fairfax Ave. Los Angeles, "},{"location":"North Hollywood Park","address":"5099 Tujunga Ave. North Hollywood, "},{"location":"Escape Hotel Hollywood","address":"6633 Hollywood Blvd. Los Angeles, "},{"location":"Alo Yoga Store","address":"370 N Canon Dr. Beverly Hills, California 90210 310-295-1860"},{"location":"Skylight Books","address":"1818 N. Vermont Ave. Los Angeles, "},{"location":"Eagle Rock Brewery Public House","address":"1627 Colorado Blvd. Los Angeles, "},{"location":"Regal Cinemas Premiere House at LA Live","address":"800 W. Olympic Blvd. Los Angeles, "},{"location":"Ojai California","address":"Ojai Ojai, California 93023 310-957-2094"},{"location":"The Gardens Casino","address":"11871 Carson St Hawaiian Gardens, "},{"location":"Three Clubs Cocktail Lounge","address":"1123 Vine St. Los Angeles, "},{"location":"Westfield Century City","address":"10250 Santa Monica Blvd. Century City, "},{"location":"Maker City L.A.","address":"1933 Broadway Los Angeles, "},{"location":"Maker City LA","address":"1933 S. Broadway, 11th Floor Los Angeles, Downtown / LA Metro 90007 213-629-2787"},{"location":"Chi Temple","address":"Downtown Los Angeles Downtown Los Angles, California 90017 650-455-6137"},{"location":"Los Angeles Theatre Center","address":"514 S. Spring St. Los Angeles, "},{"location":"Music Center","address":"135 N. Grand Ave. Los Angeles, "},{"location":"Heritage Fine Wines","address":"467 N Canon Dr Beverly Hills, California 90210 310-888-8042"},{"location":"Exposition Park Rose Garden","address":"701 State Dr. Los Angeles, "},{"location":"Main Street Santa Monica","address":"betw. Pier Ave. & Bay St. Santa Monica, "},{"location":"Farm Sanctuary","address":"5200 Escondido Canyon Rd. Acton, "},{"location":"Hinano Cafe","address":"15 W. Washington Blvd. Marina Del Rey, "},{"location":"Pregerson Technical Facility","address":"12000 Vista del Mar, #230A Playa del Rey, "},{"location":"Starboard Attitude","address":"202 The Pier Redondo Beach, "},{"location":"The Ruth B. Shannon Center for the Performing Arts","address":"6760 Painter Ave. Whittier, "},{"location":"Wheel House Cheese Shop","address":"12954 W. Washington Blvd. Los Angeles, "},{"location":"The TAPPAN Atelier","address":"1008 Maple Ave. Los Angeles, "},{"location":"Molten Metal Works","address":"3617 San Fernando Rd Glendale, "},{"location":"PAPER TIGER BAR","address":"4574 BEVERLY BLVD LOS ANGELES, "},{"location":"Whittier Center Theatre","address":"7630 S. Washington Ave. Whittier "},{"location":"99 Windward Ave.","address":"99 Windward Ave. Los Angeles CA"},{"location":"Abbot Kinney Blvd.","address":"Abbot Kinney Blvd. and California St. Los Angeles CA"},{"location":"Southwest Museum","address":"234 Museum Drive Los Angeles "},{"location":"Writers Guild Theater","address":"135 South Doheny Drive Beverly Hills "},{"location":"First Fridays Long Beach Art Walk","address":"4313 Atlantic Avenue Long Beach "},{"location":"Sheraton Gateway Los Angeles","address":"6101 W. Century Blvd Los Angeles "},{"location":"Sycamore Grove Park","address":"4702 N. Figueroa Street Highland Park "},{"location":"Grand Performances","address":"350 S Grand Ave. Los Angeles, CA.  Downtown "},{"location":"At Multiple Venues","address":"Throughout Greater Los Angeles Throughout Greater Los Angeles CA 0"},{"location":"Dome Arclight Entertainment Center","address":"6360 W. Sunset Blvd. Hollywood, CA Hollywood "},{"location":"St Matthews Episcopal Church","address":"1031 Bienveneda Avenue Pacific Palisades "},{"location":"Little Tokyo","address":"262 S Los Angeles St. Los Angeles CA"},{"location":"Acme Comedy Hollywood","address":"135 N. La Brea Ave. Hollywood "},{"location":"The Lot","address":"1041 N. Formosa Los Angeles CA"},{"location":"THE COMPLEX - Flight Theatre","address":"6472 Santa Monica Blvd Hollywood "},{"location":"Autry Museum at Griffith Park","address":"4700 Western Heritage Way Los Angeles "},{"location":"The ARTree Community Arts Center","address":"22508 6th St. Santa Clarita "},{"location":"Topanga Canyon Gallery","address":"120 N Topanga Canyon Blvd Topanga "},{"location":"West Hollywood Library","address":"625 N. San Vicente Blvd  "},{"location":"Santa Monica Playhouse","address":"1211 4th St Santa Monica CA"},{"location":"Lois Lambert Gallery","address":"2525 Michigan Ave E-3, Santa Monica, CA  "},{"location":"Porter Ranch Community School","address":"12450 Mason Ave, Porter Ranch Northridge "},{"location":"SAN FERNANDO VALLEY ARTS AND CULTURAL CENTER","address":"18312 OXNARD STREET, TARZANA Tarzana "},{"location":"San Fernando Valley Arts & Cultural Center","address":"18312 Oxnard St Tarzana "},{"location":"Leuzinger High School","address":"4118 W. Rosecrans Ave. Lawndale "},{"location":"Beverly Hills Library","address":"444 N. Rexford Drive  "},{"location":"Cheremoya Elementary School","address":"6017 Franklin Ave Los Angeles "},{"location":"Golden Apple Comics","address":"7018 Melrose Ave. La Brea "},{"location":"Barnes & Noble, The Grove","address":"189 The Grove Drive La Brea "},{"location":"Macy's Century City","address":"10250 Santa Monica Blvd., Century City, CA  Century City "},{"location":"Brand Library","address":"1601 West Mountain Street Glendale "},{"location":"Sacred Fools Second Stage","address":"6322 Santa Monica Blvd Hollywood "},{"location":"Lure Films","address":"671 N Berendo St. Mid-Wilshire "},{"location":"Essentia Santa Monica","address":"2430 Main Street, Santa Monica  "},{"location":"McGroarty Arts Center","address":"7570 McGroarty Terrace, Tujunga, CA Tujunga "},{"location":"Ramon Cortines High School for the Visual and Performing Arts","address":"450 N. Grand Ave. Los Angeles "},{"location":"Backyard Busk","address":"1863 Alsace Ave Los Angeles "},{"location":"This event is in a private house,the exactly location of the dinner will be given to you only after the purchase of tickets.","address":"Magnolia Blvd Sherman Oaks "},{"location":"Mimoda Studio","address":"5774 W. Pico Blvd Los Angeles "},{"location":"Theatricum Botanicum","address":"1419 N. Topanga Cyn Blvd. Topanga "},{"location":"Peter Strauss Ranch","address":"30000 Mulholland Highway Agoura Hills "},{"location":"Station Hollywood Lounge in The W Hotel","address":"6250 Hollywood Blvd Los Angeles "},{"location":"Alvas Showroom","address":"1417 West 8th Street San Pedro "},{"location":"First Street Pool and Billiards","address":"1906 E 1st Street Downtown "},{"location":"Ahrya Fine Arts Theatre","address":"8556 Wilshire Blvd. Beverly Hills "},{"location":"The Actors Company LA","address":"916 N. Formosa Avenue Los Angeles "},{"location":"5101 E Ocean Blvd., Long Beach, CA 90803","address":"5101 E Ocean Blvd. Long Beach CA 30803"},{"location":"Outdoor venue","address":"Tour begins at 26th St./Bergamot Metro Station, Santa Monica  "},{"location":"Holmby Park","address":"601 Club View Drive, Los Angeles   "},{"location":"Wanderlust Hollywood","address":"1357 Highland Avenue Los Angeles "},{"location":"Hollywood, CA","address":"Hollywood, CA La Brea "},{"location":"Crestwood Hills Park","address":"1000 Hanley Ave, Los Angeles Brentwood "},{"location":"South Robertson Blvd.","address":"2801 South Robertson Blvd. Palms "},{"location":"Lummis House","address":"200 E. AVE 43 Lincoln Heights "},{"location":"Lounge Theatre","address":"6201 Santa Monica Blvd. Hollywood "},{"location":"Naimie’s Beauty Center","address":"12640 Riverside Drive, Los Angeles, CA  Valley Village "},{"location":"Naimie's","address":"12640 Riverside Drive Los Angeles, CA  Valley Village "},{"location":"Congregation Kol-Ami","address":"1200 N La Brea Ave, West Hollywood, CA  Hollywood "},{"location":"Zombie Joes Underground Theatre Group at Z.J.U.","address":"4850 Lankershim Blvd North Hollywood "},{"location":"The Actors Company (Let Live Theater)","address":"916 North Formosa Avenue, West Hollywood  "},{"location":"Tailwaggers Hollywood","address":"1629 N Bronson Ave Los Angeles "},{"location":"Geffen Playhosue","address":"10886 Le Conte Ave. Los Angeles "},{"location":"Stephanie Fuery Theatre","address":"5636 Melrose Avenue Los Angeles, "},{"location":"Vroman's Bookstore","address":"695 E Colorado Blvd Pasadena "},{"location":"The Landmark","address":"10850 W. Pico Blvd. los angeles "},{"location":"The Landmark Theater","address":"10850 W. Pico Blvd Los Angeles "},{"location":"Mar Vista Art Dept","address":"12513 Venice Blvd, Los Angeles, California Mar Vista "},{"location":"Mr. C Hotel","address":"1226 Beverwil Drive 12th Floor Los Angeles "},{"location":"Rockwell Table and Stage","address":"1714 N. Vermont Los Angeles "},{"location":"Redwood Bar & Grill","address":"316 W 2nd St Los Angeles "},{"location":"Regal Cinemas L.A. LIVE Stadium 14","address":"1000 West Olympic Blvd. Los Angeles "},{"location":"The Avalon Hollywood","address":"1735 Vine Street  Los Angeles CA"},{"location":"Goethe-Institut Los Angeles","address":"5750 Wilshire Blvd. Suite 100 Los Angeles "},{"location":"International City Theatre  Long Beach Performing Arts Center","address":"300 East Ocean Blvd. Long Beach "},{"location":"The Greenhouse at Platform","address":"8850 Washington Blvd, Culver City, CA Culver City "},{"location":"Mondrian Los Angeles","address":"8440 Sunset Blvd Los Angeles "},{"location":"Que Sera","address":"1923 E 7th St. Long Beach "},{"location":"Catalina Jazz Club","address":"6725 W. Sunset Blvd. Hollywood "},{"location":"Fringe Central","address":"6510 Santa Monica Blvd. Hollywood, CA  Hollywood "},{"location":"Hilton Los Angeles Airport","address":"5711 West Century Boulevard, Los Angeles, CA Westchester "},{"location":"Credo","address":"8327 West 3rd Street Los Angeles "},{"location":"SoulCycle Studio","address":"888/898 S Olive St, Los Angeles, CA  Downtown "},{"location":"Inglewood Center for Spiritual Living","address":"525 N. Market St., Inglewood Inglewood "},{"location":"Lonny Chapman Theatre","address":"10900 Burbank Blvd. North Hollywood "},{"location":"Fred Kavli Theatre","address":"2100 E. Thousand Oaks Thousand Oaks CA"},{"location":"Dorie Theatre at The Complex","address":"6472 Santa Monica Blvd Hollywood "},{"location":"Maker City LA at The Reef","address":"1933 S. Broadway, 11th Floor Los Angeles, CA "},{"location":"LAND","address":"6775 California Route 2 Los Angeles "},{"location":"ArcLight Cinemas Hollywood","address":"6360 W. Sunset Blvd. Hollywood, CA Hollywood "},{"location":"The ROW DTLA","address":"777 South Alameda Street Downtown "},{"location":"JW Marriott LA Live","address":"800 W Olympic Blvd, Los Angeles, CA  Downtown "},{"location":"Auto Club Speedway","address":"9300 Cherry Ave Fontana "},{"location":"Kirk Douglas Theater","address":"9820 Washington Blvd Culver City "},{"location":"iO West Theater","address":"6366 Hollywood Blvd, Los Angeles, CA Hollywood "},{"location":"Pasadena City Hall","address":"100 Garfield Street  "},{"location":"Santa Anita Park","address":"285 W. Huntington Park, Arcadia, CA Arcadia "},{"location":"Curacao Department Store South Plaza","address":"8618 Garfield Ave, South Gate, CA  South Gate "},{"location":"Helms Bakery","address":"8800 Venice Blvd. Culver City CA"},{"location":"The Unusual Suspects Theatre Co. (Office Location)","address":"3719 Verdugo Road, Los Angeles, CA  Mount Washington "},{"location":"Santa Clarita Performing Arts Center at College of the Canyons","address":"26455 Rockwell Canyon Road Valencia "},{"location":"Palisades Charter High School","address":"15777 Bowdoin St. Los Angeles "},{"location":"Street Level Cafe & One One Six Two Gallery","address":"1162 Glendale Blvd Los Angeles, CA  Silver Lake "},{"location":"The Mike Kelley Gallery / Beyond Baroque","address":"681 N. Venice Blvd. Venice, CA  Venice "},{"location":"Jim Henson Company lot","address":"1416 No. La Brea Ave Hollywood "},{"location":"First United Mehtodist Church of Pasadena","address":"500 E Colorado Blvd Pasadena CA"},{"location":"The Colburn School - Zipper Concert Hall","address":"200 S. Grand Ave. Los Angeles "},{"location":"Harvard Yard","address":"1400 S Western Ave Los Angeles "},{"location":"Culver City Teen Center","address":"4153 Overland Ave. Culver City "},{"location":"Ventura Blvd, between Balboa and Amestoy","address":"Encino, CA Encino "},{"location":"The Ritz Carlton Spa, Los Angeles","address":"900 W Olympic Blvd. Downtown "},{"location":"[seven-degrees]","address":"891 Laguna Canyon Road Laguna Beach "},{"location":"Roxanne's Cocktail Lounge & Latin Grill","address":"1115 East Wardlow Road Long Beach "},{"location":"Private Estate","address":"111 Location Drive Bel-Air "},{"location":"Encino Park","address":"16953 Ventura Boulevard, Encino, CA Encino "},{"location":"Let Live Theater at The Actors Company","address":"916 North Formosa Ave Los Angeles "},{"location":"5 Towers at Universal CityWalk","address":"100 Universal City Plaza Universal City "},{"location":"Pasadena Conservatory of Music","address":"100 North Hill Avenue  "},{"location":"Microsoft Theatre LA Live","address":"777 Chick Hearn Court Los Angeles CA"},{"location":"Electric Lodge","address":"1416 Electric Avenue "},{"location":"Lakewood Golf Course","address":"3101 Carson Street, Lakewood Lakewood "},{"location":"TBA","address":"contact us for details  "},{"location":"Los Angeles Convention & Exhibition Center","address":"1201 S Figueroa St Los Angeles "},{"location":"Los Angeles Family School","address":"2646 Griffith Park Blvd. Los Angeles "},{"location":"Four Seasons Beverly Hills","address":"300 S Doheny Dr, Los Angeles, CA  "},{"location":"AMC Century City 15","address":"10250 Santa Monica Blvd Los Angeles "},{"location":"ArcLight Culver City","address":"9500 Culver Blvd Culver City "},{"location":"The Braid Performance Space","address":"2912 Colorado Ave. #102, Santa Monica, CA  "},{"location":"Buena Park Library","address":"7150 La Palma Ave Buena Park "},{"location":"REDCAT","address":"631 West 2nd Street Los Angeles "},{"location":"Point Fermin Park","address":"807 W Paseo Del Mar San Peddro, CA "},{"location":"Long Beach Convention Center","address":"300 E Ocean Blvd, Long Beach Long Beach "},{"location":"TCL Chinese Theatre 6","address":"6801 Hollywood Blvd Los Angeles "},{"location":"Secret Rose Theatre","address":"11246 W Magnolia Blvd, North Hollywood, California  North Hollywood "},{"location":"Glen Helen Raceway","address":"18585 Verdemont Ranch Rd San Bernardino "},{"location":"DoubleTree by Hilton Hotel Los Angeles Downtown","address":"120 S Los Angeles St.  Los Angeles CA"},{"location":"The Santa Clarita Performing Art Center","address":"26455 Rockwell Canyon Road, Valencia Valencia "},{"location":"Live Arts LA (LALA)","address":"4210 Panamint St. Los Angeles "},{"location":"Union NightClub","address":"4067 West Pico Blvd. Los Angeles CA"},{"location":"Venice Arts","address":"13445 Beach Avenue Marina del Rey "},{"location":"Cornelius Projects","address":"1417 South Pacific Avenue San Pedro "},{"location":"Le Lycée Français de Los Angeles - Theater Raymond Kabbaz","address":"10361 West Pico Blvd West Los Angeles "},{"location":"Plummer Park","address":"7377 Santa Monica Blvd. West Hollywood "},{"location":"Los Angeles State Historic Park","address":"1245 North Spring Street Los Angeles, CA  Downtown "},{"location":"Cooper Design Space","address":"860 S Los Angeles St Los Angeles CA"},{"location":"The Row-DTLA","address":"777 South Alameda St. Downtown "},{"location":"Watson Adventures Meet-Up Location","address":"Near City Hall Culver City "},{"location":"Avenue des Arts Gallery","address":"807 S Los Angeles Street Downtown "},{"location":"Ann and Jerry Moss Theater at New Roads School","address":"3131 Olympic Boulevard Santa Monica CA  "},{"location":"Lincoln High School Performing Arts Theater","address":"3501 North Broadway Los Angeles "},{"location":"Oceanfront Walk","address":"2000 Ocean Avenue, Santa Monica  "},{"location":"Electric Lodge Performing Arts Center","address":"1416 Electric Avenue Venice "},{"location":"Theatre 40","address":"241 S. Moreno Dr. Beverly Hills "},{"location":"Comedy Store","address":"8433 Sunset Blvd, Los Angeles, CA   "},{"location":"Hornblower Cruises","address":"13755 Fiji Way 13755 Fiji Way CA 0"},{"location":"The Whisky a Go Go","address":"8901 Sunset Boulevard West Hollywood "},{"location":"University of Santa Monica","address":"2101 Wilshire Blvd. Santa Monica  "},{"location":"Ojai CA","address":"Ojai Marina del Rey "},{"location":"L.A. Live","address":"800 W Olympic Blvd 800 W Olympic Blvd CA 0"},{"location":"Caf Fais Do Do","address":"5257 W. Adams Blvd. Los Angeles "},{"location":"JapanLA","address":"7320 1/2 Melrose Ave.  "},{"location":"Rose Bowl","address":"1001 Rose Bowl Dr. Pasadena "},{"location":"Santa Monica Bay Women's Club","address":"1210 Fourth Street, Santa Monica, CA   "},{"location":"Malibu Bluffs Park","address":"24250 Pacific Coast Hwy Malibu "},{"location":"Watson Adventures' Meet-Up Location","address":"Near Union Street Station Watts "},{"location":"Brookside at the Rose Bowl","address":"1133 Rosemont Avenue Pasadena CA"},{"location":"Fox Theater","address":"301 S Garey Ave Pomona CA"},{"location":"Wally Parks NHRA Motorsports Museum","address":"1101 McKinley Avenue - Building 3A Pomona "},{"location":"Corsair Stadium at Santa Monica College","address":"1900 Pico Blvd, Santa Monica, CA  "},{"location":"Neighborhood Unitarian Universalist Church","address":"301 Orange Grove Blvd.  "},{"location":"Heal the Bay’s Santa Monica Pier Aquarium","address":"1600 Ocean Front Walk  "},{"location":"El Camp","address":"2150 Park Place, El Segundo, CA El Segundo "}]