[{"location":"Acme Comedy Theatre","address":"135 N La Brea Avenue, Los Angeles, CA La Brea ","formattedAddress":"135 N La Brea Ave, Los Angeles, CA 90036, USA","neighborhood":"Central LA","lat":34.0746854,"lng":-118.3443585,"zipcode":"90036"},{"location":"Egyptian Theatre","address":"6712 Hollywood Blvd., Hollywood, CA Hollywood ","formattedAddress":"6712 Hollywood Blvd, Los Angeles, CA 90028, USA","neighborhood":"Hollywood","lat":34.1013684,"lng":-118.3366935,"zipcode":"90028"},{"location":"First Lutheran Church & School","address":"2900 W. Carson St. Torrance, ","formattedAddress":"2900 W Carson St, Torrance, CA 90503, USA","neighborhood":"Madrona","lat":33.830901,"lng":-118.3386614,"zipcode":"90503"},{"location":"Create Nightclub","address":"6021 Hollywood Blvd. Los Angeles, ","formattedAddress":"6021 Hollywood Blvd, Los Angeles, CA 90028, USA","neighborhood":"Hollywood","lat":34.1020426,"lng":-118.3209169,"zipcode":"90028"},{"location":"The Monty","address":"1222 W. Seventh St. Los Angeles, ","formattedAddress":"1222 W 7th St, Los Angeles, CA 90017, USA","neighborhood":"Central LA","lat":34.0515896,"lng":-118.2667901,"zipcode":"90017"},{"location":"Exchange L.A.","address":"618 S. Spring St. Los Angeles, ","formattedAddress":"618 S Spring St, Los Angeles, CA 90014, USA","neighborhood":"Downtown","lat":34.0452545,"lng":-118.2511393,"zipcode":"90014"},{"location":"The Greek Theatre","address":"2700 N. Vermont Ave. Los Angeles, ","formattedAddress":"2700 N Vermont Ave, Los Angeles, CA 90027, USA","neighborhood":null,"lat":34.1205588,"lng":-118.2963915,"zipcode":"90027"},{"location":"Santa Monica Pier","address":"200 Santa Monica Pier Santa Monica ","formattedAddress":"200 Santa Monica Pier, Santa Monica, CA 90401, USA","neighborhood":null,"lat":34.0098476,"lng":-118.4964629,"zipcode":"90401"},{"location":"Colombo's Italian Steakhouse & Jazz Club","address":"1833 Colorado Blvd. Eagle Rock, ","formattedAddress":"1833 Colorado Blvd, Los Angeles, CA 90041, USA","neighborhood":"Northeast Los Angeles","lat":34.1395978,"lng":-118.2072713,"zipcode":"90041"},{"location":"Hollywood Forever Cemetery","address":"6000 Santa Monica Blvd. Los Angeles, ","formattedAddress":"6000 Santa Monica Blvd, Los Angeles, CA 90038, USA","neighborhood":"Hollywood","lat":34.0904912,"lng":-118.3198111,"zipcode":"90038"},{"location":"Zan Beer","address":"3377 Wilshire Blvd., #200 Los Angeles, ","formattedAddress":"3377 Wilshire Blvd #200, Los Angeles, CA 90010, USA","neighborhood":"Koreatown","lat":34.0622606,"lng":-118.2975594,"zipcode":"90010"},{"location":"Pasadena Museum of History","address":"470 W. Walnut St. Pasadena, ","formattedAddress":"470 W Walnut St, Pasadena, CA 91103, USA","neighborhood":"North Arroyo","lat":34.1490951,"lng":-118.1609863,"zipcode":"91103"},{"location":"The Beverly O'Neill Theater","address":"300 E. Ocean Blvd., Long Beach Convention & Entertainment Center Long Beach, ","formattedAddress":"300 E Ocean Blvd, Long Beach, CA 90802, USA","neighborhood":"Waterfront","lat":33.7652636,"lng":-118.1893385,"zipcode":"90802"},{"location":"Million Dollar Theatre","address":"307 S Broadway, Los Angeles, CA  Little Tokyo ","formattedAddress":"307 S Broadway, Los Angeles, CA 90013, USA","neighborhood":"Downtown","lat":34.0508937,"lng":-118.2483757,"zipcode":"90013"},{"location":"Hyperion Tavern","address":"1941 Hyperion Ave. Los Angeles, ","formattedAddress":"1941 Hyperion Ave, Los Angeles, CA 90027, USA","neighborhood":"Los Feliz","lat":34.0982695,"lng":-118.2750725,"zipcode":"90027"},{"location":"The Townhouse","address":"52 Windward Ave. Venice, ","formattedAddress":"52 Windward Ave, Venice, CA 90291, USA","neighborhood":"Venice","lat":33.9871768,"lng":-118.4726295,"zipcode":"90291"},{"location":"Libbey Bowl","address":"210 S. Signal St. Ojai, ","formattedAddress":"210 S Signal St, Ojai, CA 93023, USA","neighborhood":null,"lat":34.4458781,"lng":-119.2458306,"zipcode":"93023"},{"location":"UCLA Center For Intercultural Performance","address":"120 Westwood Plaza Los Angeles, ","formattedAddress":"120 Westwood Plaza, Los Angeles, CA 90095, USA","neighborhood":"Westwood","lat":34.0728461,"lng":-118.4447953,"zipcode":"90095"},{"location":"The Second Stage at Sacred Fools Theatre","address":"6320 Santa Monica Blvd., Hollywood, CA Hollywood ","formattedAddress":"6320 Santa Monica Blvd, Los Angeles, CA 90038, USA","neighborhood":"Hollywood","lat":34.0905418,"lng":-118.3276065,"zipcode":"90038"},{"location":"Miles Memorial Playhouse","address":"1130 Lincoln Blvd. Santa Monica, ","formattedAddress":"1130 Lincoln Blvd, Santa Monica, CA 90403, USA","neighborhood":"Wilshire Montana","lat":34.0226618,"lng":-118.4956828,"zipcode":"90403"},{"location":"The Three Clubs","address":"1123 Vine St Hollywood, ","formattedAddress":"1123 Vine St, Los Angeles, CA 90038, USA","neighborhood":"Central LA","lat":34.0914653,"lng":-118.3271185,"zipcode":"90038"},{"location":"Edgemar Center for the Arts","address":"2437 Main St. Santa Monica, ","formattedAddress":"2437 Main St, Santa Monica, CA 90405, USA","neighborhood":"Ocean Park","lat":34.0035616,"lng":-118.4847408,"zipcode":"90405"},{"location":"San Gabriel Mission Playhouse","address":"320 Mission Dr. San Gabriel, ","formattedAddress":"320 N Mission Dr, San Gabriel, CA 91775, USA","neighborhood":null,"lat":34.1068399,"lng":-118.1112117,"zipcode":"91775"},{"location":"Pasadena Civic Auditorium","address":"300 E. Green St. Pasadena, ","formattedAddress":"300 E Green St, Pasadena, CA 91101, USA","neighborhood":null,"lat":34.143817,"lng":-118.144302,"zipcode":"91101"},{"location":"Pasadena Convention Center","address":"300 E. Green St. Pasadena CA","formattedAddress":"300 E Green St, Pasadena, CA 91101, USA","neighborhood":null,"lat":34.143817,"lng":-118.144302,"zipcode":"91101"},{"location":"Verdugo Bar","address":"3408 Verdugo Road Los Angeles ","formattedAddress":"3408 Verdugo Rd, Los Angeles, CA 90065, USA","neighborhood":"Northeast Los Angeles","lat":34.1137406,"lng":-118.2349602,"zipcode":"90065"},{"location":"The Copper Still","address":"4493 Beverly Blvd. Los Angeles, ","formattedAddress":"4493 Beverly Blvd, Los Angeles, CA 90004, USA","neighborhood":"Hollywood","lat":34.0764323,"lng":-118.3066935,"zipcode":"90004"},{"location":"Riviera 31","address":"Hotel Sofitel, 8555 Beverly Blvd. Los Angeles, California 90048 310-278-5444","formattedAddress":"8555 Beverly Blvd, Los Angeles, CA 90048, USA","neighborhood":"Central LA","lat":34.0763642,"lng":-118.3774949,"zipcode":"90048"},{"location":"Gardenia Restaurant & Lounge","address":"7066 Santa Monica Blvd. Los Angeles, ","formattedAddress":"7066 Santa Monica Blvd, West Hollywood, CA 90038, USA","neighborhood":"Hollywood","lat":34.0907143,"lng":-118.3433321,"zipcode":"90038"},{"location":"The Automobile Driving Museum","address":"610 Lairport St. El Segundo, ","formattedAddress":"610 Lairport St, El Segundo, CA 90245, USA","neighborhood":null,"lat":33.9247131,"lng":-118.3922325,"zipcode":"90245"},{"location":"The Kibitz Room","address":"419 N. Fairfax Ave. Los Angeles, ","formattedAddress":"419 N Fairfax Ave, Los Angeles, CA 90036, USA","neighborhood":"Central LA","lat":34.0789742,"lng":-118.361875,"zipcode":"90036"},{"location":"Good Shepherd School","address":"6338 N Figueroa St. Los Angeles, ","formattedAddress":"6338 N Figueroa St, Los Angeles, CA 90042, USA","neighborhood":"Northeast Los Angeles","lat":34.11658200000001,"lng":-118.182717,"zipcode":"90042"},{"location":"Vintage Grocers","address":"140 Promenade Way Westlake Village, California 91362 805-230-0010","formattedAddress":"140 Promenade Way, Thousand Oaks, CA 91362, USA","neighborhood":null,"lat":34.1587765,"lng":-118.8208825,"zipcode":"91362"},{"location":"Westwood Village","address":"1031 Broxton Ave Los Angeles, CA California 90024 310-470-1812","formattedAddress":"1031 Broxton Ave, Los Angeles, CA 90024, USA","neighborhood":"Westwood","lat":34.0618175,"lng":-118.4465493,"zipcode":"90024"},{"location":"Highways Performance Space","address":"1651 18th St. Santa Monica ","formattedAddress":"1651 18th St, Santa Monica, CA 90404, USA","neighborhood":null,"lat":34.0236722,"lng":-118.4772538,"zipcode":"90404"},{"location":"L.A. Workers Center","address":"1251 S. St. Andrews Place, Los Angeles, ","formattedAddress":"1251 S St Andrews Pl, Los Angeles, CA 90019, USA","neighborhood":"Central LA","lat":34.0475834,"lng":-118.3120182,"zipcode":"90019"},{"location":"Hudson Loft","address":"1200 S Hope Street Los Angeles ","formattedAddress":"1200 S Hope St, Los Angeles, CA 90015, USA","neighborhood":"Downtown","lat":34.0404671,"lng":-118.2642647,"zipcode":"90015"},{"location":"Wilshire Ebell Theatre","address":"4401 W 8th St. Los Angeles ","formattedAddress":"4401 W 8th St, Los Angeles, CA 90005, USA","neighborhood":"Central LA","lat":34.0609082,"lng":-118.3250733,"zipcode":"90005"},{"location":"Angel City Brewing Co.","address":"216 S. Alameda St. Los Angeles, ","formattedAddress":"216 S Alameda St, Los Angeles, CA 90012, USA","neighborhood":"Central LA","lat":34.0467796,"lng":-118.2380984,"zipcode":"90012"},{"location":"Los Angeles Convention Center","address":"1201 S. Figueroa St. Los Angeles, ","formattedAddress":"1201 S Figueroa St, Los Angeles, CA 90015, USA","neighborhood":"Central LA","lat":34.0413606,"lng":-118.2697771,"zipcode":"90015"},{"location":"Palm Tree L.A.","address":"3240 Wilshire Blvd. Los Angeles, ","formattedAddress":"3240 Wilshire Blvd, Los Angeles, CA 90010, USA","neighborhood":"Koreatown","lat":34.0614383,"lng":-118.2925458,"zipcode":"90010"},{"location":"Westfield Valencia Town Center","address":"24201 Valencia Blvd. Valencia, ","formattedAddress":"24201 Valencia Blvd, Valencia, CA 91355, USA","neighborhood":"Valencia","lat":34.4176299,"lng":-118.5608039,"zipcode":"91355"},{"location":"Rafa's Lounge","address":"1836 W. Sunset Blvd. Los Angeles, ","formattedAddress":"1836 Sunset Blvd, Los Angeles, CA 90026, USA","neighborhood":"Echo Park","lat":34.0778325,"lng":-118.2603935,"zipcode":"90026"},{"location":"Escape Room L.A.","address":"120 E. 8th St Los Angeles, ","formattedAddress":"120 E 8th St, Los Angeles, CA 90014, USA","neighborhood":"Downtown","lat":34.0420721,"lng":-118.2528292,"zipcode":"90014"},{"location":"Cinespace","address":"6356 Hollywood Blvd. Los Angeles, ","formattedAddress":"6356 Hollywood Blvd, Los Angeles, CA 90028, USA","neighborhood":"Hollywood","lat":34.101267,"lng":-118.328501,"zipcode":"90028"},{"location":"The Pink Elephant","address":"2810 Main St. Santa Monica, ","formattedAddress":"2810 Main St, Santa Monica, CA 90405, USA","neighborhood":"Ocean Park","lat":33.999782,"lng":-118.4817373,"zipcode":"90405"},{"location":"Griffins of Kinsale","address":"1007 Mission St. South Pasadena, CA 626-799-0926","formattedAddress":"1007 Mission St, South Pasadena, CA 91030, USA","neighborhood":null,"lat":34.1155694,"lng":-118.1568061,"zipcode":"91030"},{"location":"Spaghettini Seal Beach","address":"3005 Old Ranch Parkway Seal Beach, ","formattedAddress":"3005 Old Ranch Pkwy, Seal Beach, CA 90740, USA","neighborhood":null,"lat":33.7765033,"lng":-118.0736813,"zipcode":"90740"},{"location":"Queen Mary Events Park","address":"next to the big boat, 1126 Queens Highway Long Beach, ","formattedAddress":"1126 Queens Hwy, Long Beach, CA 90802, USA","neighborhood":"Queensway Bay","lat":33.7526356,"lng":-118.1903235,"zipcode":"90802"},{"location":"Twelve Two One Lounge","address":"1221 N. San Fernando Rd. Burbank, ","formattedAddress":"1221 N San Fernando Blvd, Burbank, CA 91504, USA","neighborhood":null,"lat":34.1890189,"lng":-118.3203307,"zipcode":"91504"},{"location":"Trip","address":"2101 Lincoln Blvd. Santa Monica, ","formattedAddress":"2101 Lincoln Blvd, Santa Monica, CA 90405, USA","neighborhood":"Ocean Park","lat":34.0109254,"lng":-118.4809526,"zipcode":"90405"},{"location":"Downtown Independent Theater","address":"251 S. Main St. Los Angeles, ","formattedAddress":"251 S Main St, Los Angeles, CA 90012, USA","neighborhood":"Central LA","lat":34.050286,"lng":-118.245687,"zipcode":"90012"},{"location":"Don Chente Bar, Grill & Lounge","address":"248 S. Figueroa St. Los Angeles, ","formattedAddress":"248 S Figueroa St, Los Angeles, CA 90012, USA","neighborhood":"Central LA","lat":34.0558862,"lng":-118.2537877,"zipcode":"90012"},{"location":"Celebration Theatre","address":"6760 Lexington Ave. Los Angeles, ","formattedAddress":"6760 Lexington Ave, Los Angeles, CA 90038, USA","neighborhood":"Central LA","lat":34.092476,"lng":-118.3377019,"zipcode":"90038"},{"location":"The Gem Theatre","address":"12852 Main St. Garden Grove, California 92840 714-741-9550","formattedAddress":"12852 Main St, Garden Grove, CA 92840, USA","neighborhood":null,"lat":33.77639449999999,"lng":-117.9407127,"zipcode":"92840"},{"location":"Stars on Brand","address":"417 N. Brand Blvd. Glendale, ","formattedAddress":"417 N Brand Blvd, Glendale, CA 91203, USA","neighborhood":"Downtown","lat":34.1524264,"lng":-118.255263,"zipcode":"91203"},{"location":"Tia Chucha's Centro Cultural & Bookstore","address":"13197-A Gladstone Ave. Sylmar, ","formattedAddress":"13197 Gladstone Ave, Sylmar, CA 91342, USA","neighborhood":"Sylmar","lat":34.310469,"lng":-118.4282789,"zipcode":"91342"},{"location":"JLM Flagship Salon","address":"352 N. Robertson Blvd.  ","formattedAddress":"352 N Robertson Blvd, West Hollywood, CA 90048, USA","neighborhood":"Central LA","lat":34.078206,"lng":-118.383668,"zipcode":"90048"},{"location":"Aratani Theatre (JACCC)","address":"244 S San Pedro Street. Los Angeles ","formattedAddress":"244 S San Pedro St, Los Angeles, CA 90012, USA","neighborhood":"Central LA","lat":34.04778,"lng":-118.2418045,"zipcode":"90012"},{"location":"ArcLight Cinemas HOLLYWOOD","address":"6360 W. Sunset Blvd. Hollywood ","formattedAddress":"6360 Sunset Blvd, Los Angeles, CA 90028, USA","neighborhood":"Central LA","lat":34.0973718,"lng":-118.3278725,"zipcode":"90028"},{"location":"GRAMMY Museum","address":"A245, 800 West Olympic Boulevard Los Angeles CA","formattedAddress":"800 W Olympic Blvd, Los Angeles, CA 90015, USA","neighborhood":"Downtown","lat":34.0449376,"lng":-118.2654979,"zipcode":"90015"},{"location":"Getty Center","address":"1200 Getty Center Drive Los Angeles ","formattedAddress":"1200 Getty Center Dr, Los Angeles, CA 90049, USA","neighborhood":"Brentwood","lat":34.0790329,"lng":-118.4751057,"zipcode":"90049"},{"location":"Angels Gate Cultural Center","address":"3601 S. Gaffey Street San Pedro, CA San Pedro ","formattedAddress":"3601 S Gaffey St, San Pedro, CA 90731, USA","neighborhood":"San Pedro","lat":33.7114884,"lng":-118.2945385,"zipcode":"90731"},{"location":"Colburn School’s Zipper Concert Hall","address":"200 South Grand Avenue Los Angeles ","formattedAddress":"200 S Grand Ave, Los Angeles, CA 90012, USA","neighborhood":"Downtown","lat":34.0540039,"lng":-118.2498686,"zipcode":"90012"},{"location":"Santa Monica Playhouse - The Other Space","address":"1211 4th Street Santa Monica ","formattedAddress":"1211 4th St, Santa Monica, CA 90401, USA","neighborhood":"Downtown","lat":34.0189556,"lng":-118.4977074,"zipcode":"90401"},{"location":"Lineage Performing Arts Center","address":"89 S. Fair Oaks Avenue Pasadena ","formattedAddress":"89 S Fair Oaks Ave, Pasadena, CA 91105, USA","neighborhood":"Northeast Los Angeles","lat":34.1441498,"lng":-118.15071,"zipcode":"91105"},{"location":"Greek Theatre","address":"2700 N. Vermont Ave. Los Angeles ","formattedAddress":"2700 N Vermont Ave, Los Angeles, CA 90027, USA","neighborhood":null,"lat":34.1205588,"lng":-118.2963915,"zipcode":"90027"},{"location":"Esprit Theater","address":"13900 Marquesas Way Marina del Rey ","formattedAddress":"13900 Marquesas Way, Marina Del Rey, CA 90292, USA","lat":33.9764178,"lng":-118.4515565,"zipcode":"90292"},{"location":"LARGO at the CORONET","address":"366 N. La Cienega Blvd Los Angeles ","formattedAddress":"366 N La Cienega Blvd, Los Angeles, CA 90048, USA","neighborhood":"Beverly Grove","lat":34.0778713,"lng":-118.3763218,"zipcode":"90048"},{"location":"Cinefamily","address":"8818 Sunset Blvd 8818 Sunset Blvd CA 0","formattedAddress":"8818 Sunset Blvd, West Hollywood, CA 90069, USA","neighborhood":"Sunset Strip","lat":34.090495,"lng":-118.383669,"zipcode":"90069"},{"location":"Beverly O'Neill Theater - Long Beach Conv and Entertainment Ctr","address":"300 E Ocean BL Long Beach CA","formattedAddress":"300 E Ocean Blvd, Long Beach, CA 90802, USA","neighborhood":"Waterfront","lat":33.76520350000001,"lng":-118.1893341,"zipcode":"90802"},{"location":"Downtown Los Angeles Historic Core","address":"Sixth St. and Spring St. Los Angeles CA","formattedAddress":"W 6th St & S Spring St, Los Angeles, CA 90014, USA","neighborhood":"Downtown","lat":34.0459485,"lng":-118.2509641,"zipcode":"90014"},{"location":"Annenberg Space for Photography","address":"2000 Avenue of the Stars Century City ","formattedAddress":"2000 Avenue of the Stars, Los Angeles, CA 90067, USA","neighborhood":"Century City","lat":34.0583595,"lng":-118.4148332,"zipcode":"90067"},{"location":"Kaufman Hall","address":"120 Westwood Plaza Los Angeles CA","formattedAddress":"120 Westwood Plaza, Los Angeles, CA 90095, USA","neighborhood":"Westwood","lat":34.0728461,"lng":-118.4447953,"zipcode":"90095"},{"location":"Little Fish Theatre","address":"777 S. Centre St. San Pedro ","formattedAddress":"777 S Centre St, San Pedro, CA 90731, USA","neighborhood":"San Pedro","lat":33.7372675,"lng":-118.2837083,"zipcode":"90731"},{"location":"Highland Park and surrounding areas","address":"York Blvd. and N. Ave. 50 Los Angeles CA","formattedAddress":"York Blvd & N Avenue 50, Los Angeles, CA 90042, USA","neighborhood":"Eagle Rock","lat":34.1214799,"lng":-118.206906,"zipcode":"90042"},{"location":"Downtown Long Beach","address":"Linden Ave. and E. Broadway Long Beach CA","formattedAddress":"E Broadway & Linden Ave, Long Beach, CA 90802, USA","neighborhood":"Downtown","lat":33.7692751,"lng":-118.1863671,"zipcode":"90802"},{"location":"Downtown Pomona","address":"Downtown Pomona Pomona ","formattedAddress":"119 W 2nd St, Pomona, CA 91766, USA","neighborhood":"Westmont","lat":34.0580378,"lng":-117.7506816,"zipcode":"91766"},{"location":"Terrace Theater","address":"300 E Ocean BL Long Beach CA","formattedAddress":"300 E Ocean Blvd, Long Beach, CA 90802, USA","neighborhood":"Waterfront","lat":33.76520350000001,"lng":-118.1893341,"zipcode":"90802"},{"location":"Long Beach Performing Arts Center","address":"300 E. Ocean Blvd. Long Beach ","formattedAddress":"300 E Ocean Blvd, Long Beach, CA 90802, USA","neighborhood":"Waterfront","lat":33.76520350000001,"lng":-118.1893341,"zipcode":"90802"},{"location":"The Pasadena Civic","address":"300 E Green St. Pasadena CA","formattedAddress":"300 E Green St, Pasadena, CA 91101, USA","neighborhood":null,"lat":34.143817,"lng":-118.144302,"zipcode":"91101"},{"location":"Santa Monica Playhouse, The Other Space","address":"1211 4th Street Santa Monica "},{"location":"The Regent","address":"448 South Main Street Los Angeles CA","formattedAddress":"448 S Main St, Los Angeles, CA 90013, USA","neighborhood":"Central LA","lat":34.046981,"lng":-118.2478,"zipcode":"90013"},{"location":"American Contemporary Ballet","address":"700 S. Flower St., Suite 3200, Los Angeles, CA Downtown ","formattedAddress":"700 S Flower St #3200, Los Angeles, CA 90017, USA","neighborhood":"Downtown","lat":34.0482805,"lng":-118.2589431,"zipcode":"90017"},{"location":"Santa Monica Playhouse Main Stage","address":"1211 4th Street Santa Monica ","formattedAddress":"1211 4th St, Santa Monica, CA 90401, USA","neighborhood":"Downtown","lat":34.0189556,"lng":-118.4977074,"zipcode":"90401"},{"location":"South Park Center","address":"1139 S. Hill St. Los Angeles, ","formattedAddress":"1139 Hill St, Los Angeles, CA 90015, USA","neighborhood":"Downtown","lat":34.0390574,"lng":-118.2611996,"zipcode":"90015"},{"location":"The Pike Outlets","address":"95 South Pine Avenue Long Beach ","formattedAddress":"95 S Pine Ave, Long Beach, CA 90802, USA","neighborhood":"Waterfront","lat":33.76475,"lng":-118.1941419,"zipcode":"90802"}]